EntityType,Name,NameKey,Price,ScrapedAtUtc
driver,Verstappen,verstappen,21.0,2026-03-30T09:36:36.346809+00:00
driver,Hadjar,hadjar,13.5,2026-03-30T09:36:36.346809+00:00
driver,Russell,russell,20.5,2026-03-30T09:36:36.346809+00:00
driver,Antonelli,antonelli,16.0,2026-03-30T09:36:36.346809+00:00
driver,Leclerc,leclerc,18.5,2026-03-30T09:36:36.346809+00:00
driver,Hamilton,hamilton,16.0,2026-03-30T09:36:36.346809+00:00
driver,Gasly,gasly,7.5,2026-03-30T09:36:36.346809+00:00
driver,Colapinto,colapinto,4.0,2026-03-30T09:36:36.346809+00:00
driver,Norris,norris,21.5,2026-03-30T09:36:36.346809+00:00
driver,Piastri,piastri,20.0,2026-03-30T09:36:36.346809+00:00
driver,Alonso,alonso,9.0,2026-03-30T09:36:36.346809+00:00
driver,Stroll,stroll,4.0,2026-03-30T09:36:36.346809+00:00
driver,Hulkenberg,hulkenberg,7.5,2026-03-30T09:36:36.346809+00:00
driver,Bortoleto,bortoleto,5.5,2026-03-30T09:36:36.346809+00:00
driver,Lawson,lawson,7.5,2026-03-30T09:36:36.346809+00:00
driver,Lindblad,lindblad,4.0,2026-03-30T09:36:36.346809+00:00
driver,Sainz,sainz,10.0,2026-03-30T09:36:36.346809+00:00
driver,Albon,albon,8.0,2026-03-30T09:36:36.346809+00:00
driver,Bearman,bearman,11.0,2026-03-30T09:36:36.346809+00:00
driver,Ocon,ocon,6.5,2026-03-30T09:36:36.346809+00:00
driver,Perez,perez,8.5,2026-03-30T09:36:36.346809+00:00
driver,Bottas,bottas,8.0,2026-03-30T09:36:36.346809+00:00
